Semester,Course Number,Course Name
2020 Fall,M1522.006300,Distributed Systems
2017 Fall,4541.662A,Distributed Information Processing
2016 Fall,4541.662A,Distributed Information Processing
2016 Spring,4541.684,분산시스템 (멀티프로세서 동기화)
2015 Fall,4541.662A,Distributed Information Processing
2015 Spring,4541.684,분산시스템 (멀티프로세서 동기화)
2014 Fall,4541.662A,Distributed Information Processing
2014 Spring,4541.684,분산시스템 (멀티프로세서 동기화)
2013 Fall,4541.662A,Distributed Information Processing
2013 Spring,4541.684,분산시스템 (멀티프로세서 동기화)
2012 Fall,4541.684,분산시스템 (멀티프로세서 동기화)
2012 Fall,4541.662A,Distributed Information Processing
2011 Fall,4541.662A,Distributed Information Processing
2011 Spring,4541.684A,분산시스템 (멀티프로세서 동기화)
2010 Fall,4541.662A,Distributed Information Processing
2010 Spring,4541.684,분산시스템 (멀티프로세서 동기화)
2009 Fall,4541.662A,Distributed Information Processing
2009 Spring,4541.684,분산시스템 (멀티프로세서 동기화)
2007 Spring,CS684,분산시스템 (멀티프로세서 동기화)
2006 Spring,CS685,분산시스템
2005 Fall,CS767,병렬처리 특강
2005 Spring,CS768,분산시스템 특강
2004 Spring,CS768,분산시스템 특강
